{"cameraMode":{"drawMode":0,"name":"Shaded","section":"Shading Mode"},"sceneLighting":true,"audioPlay":false,"sceneViewState":{"m_AlwaysRefresh":false,"showFog":true,"showSkybox":true,"showFlares":true,"showImageEffects":true,"showParticleSystems":true,"showVisualEffectGraphs":true,"m_FxEnabled":true},"in2DMode":false,"pivot":{"x":82.98384094238281,"y":249.02505493164063,"z":-1.31292724609375},"rotation":{"x":-0.021528100594878198,"y":-0.08090421557426453,"z":-0.0017902187537401915,"w":0.996546745300293},"size":128.43133544921876,"orthographic":true}