{"cameraMode":{"drawMode":0,"name":"Shaded","section":"Shading Mode"},"sceneLighting":false,"audioPlay":false,"sceneViewState":{"m_AlwaysRefresh":false,"showFog":true,"showSkybox":false,"showFlares":true,"showImageEffects":true,"showParticleSystems":true,"showVisualEffectGraphs":true,"m_FxEnabled":true},"in2DMode":false,"pivot":{"x":-0.19281578063964845,"y":0.3850144147872925,"z":-4.800752639770508},"rotation":{"x":0.031811848282814029,"y":-0.6961959004402161,"z":0.03095528483390808,"w":0.7165296077728272},"size":0.7651437520980835,"orthographic":true}