{"cameraMode":{"drawMode":0,"name":"Shaded","section":"Shading Mode"},"sceneLighting":false,"audioPlay":false,"sceneViewState":{"m_AlwaysRefresh":false,"showFog":true,"showSkybox":false,"showFlares":true,"showImageEffects":true,"showParticleSystems":true,"showVisualEffectGraphs":true,"m_FxEnabled":true},"in2DMode":false,"pivot":{"x":-0.04946592450141907,"y":0.021776199340820314,"z":-4.987114906311035},"rotation":{"x":-0.17270056903362275,"y":0.21586449444293977,"z":-0.03867010772228241,"w":-0.9603314995765686},"size":0.49365100264549258,"orthographic":true}