{"cameraMode":{"drawMode":0,"name":"Shaded","section":"Shading Mode"},"sceneLighting":false,"audioPlay":false,"sceneViewState":{"m_AlwaysRefresh":false,"showFog":true,"showSkybox":false,"showFlares":true,"showImageEffects":true,"showParticleSystems":true,"showVisualEffectGraphs":true,"m_FxEnabled":true},"in2DMode":false,"pivot":{"x":0.3479028642177582,"y":0.6565442681312561,"z":0.08339798450469971},"rotation":{"x":-0.07896718382835388,"y":0.6413795351982117,"z":-0.06662098318338394,"w":-0.7602424025535584},"size":0.9414891600608826,"orthographic":true}