{"cameraMode":{"drawMode":0,"name":"Shaded","section":"Shading Mode"},"sceneLighting":false,"audioPlay":false,"sceneViewState":{"m_AlwaysRefresh":false,"showFog":true,"showSkybox":false,"showFlares":true,"showImageEffects":true,"showParticleSystems":true,"showVisualEffectGraphs":true,"m_FxEnabled":true},"in2DMode":false,"pivot":{"x":0.12817442417144776,"y":0.4161646366119385,"z":-0.1792440414428711},"rotation":{"x":0.06682955473661423,"y":-0.9277582168579102,"z":0.20149777829647065,"w":0.3071989119052887},"size":1.5931955575942994,"orthographic":true}